Sample ID,BeadChip Barcode,Sentrix Position,Plate Number,Well Position,Collected Gender
G001,208789590164,R01C01,Plate_01,A01,Unknown
G003,208789590164,R02C01,Plate_01,B01,Unknown
G004,208789590164,R03C01,Plate_01,C01,Unknown
G007,208789590164,R04C01,Plate_01,D01,Unknown
G009,208789590164,R05C01,Plate_01,E01,Unknown
G012,208789590164,R06C01,Plate_01,F01,Unknown
G017,208789590164,R07C01,Plate_01,G01,Unknown
G018,208789590164,R08C01,Plate_01,H01,Unknown
G020,208789590051,R01C01,Plate_01,A02,Unknown
G021,208789590051,R02C01,Plate_01,B02,Unknown
G022,208789590051,R03C01,Plate_01,C02,Unknown
G024,208789590051,R04C01,Plate_01,D02,Unknown
G026,208789590051,R05C01,Plate_01,E02,Unknown
G027,208789590051,R06C01,Plate_01,F02,Unknown
G029,208789590051,R07C01,Plate_01,G02,Unknown
G031,208789590051,R08C01,Plate_01,H02,Unknown
G036,208789590077,R01C01,Plate_01,A03,Unknown
G037,208789590077,R02C01,Plate_01,B03,Unknown
G038,208789590077,R03C01,Plate_01,C03,Unknown
G039,208789590077,R04C01,Plate_01,D03,Unknown
G040,208789590077,R05C01,Plate_01,E03,Unknown
G042,208789590077,R06C01,Plate_01,F03,Unknown
G045,208789590077,R07C01,Plate_01,G03,Unknown
G047,208789590077,R08C01,Plate_01,H03,Unknown
G058,208790450007,R01C01,Plate_01,A05,Unknown
G062,208790450007,R02C01,Plate_01,B05,Unknown
G063,208790450007,R03C01,Plate_01,C05,Unknown
G064,208790450007,R04C01,Plate_01,D05,Unknown
G065,208790450007,R05C01,Plate_01,E05,Unknown
G066,208790450007,R06C01,Plate_01,F05,Unknown
G067,208790450007,R07C01,Plate_01,G05,Unknown
G068,208790450007,R08C01,Plate_01,H05,Unknown
G069,208790450001,R01C01,Plate_01,A06,Unknown
G070,208790450001,R02C01,Plate_01,B06,Unknown
G189,208790450001,R03C01,Plate_01,C06,Unknown
G073,208790450001,R04C01,Plate_01,D06,Unknown
G074,208790450001,R05C01,Plate_01,E06,Unknown
G075,208790450001,R06C01,Plate_01,F06,Unknown
G077,208790450001,R07C01,Plate_01,G06,Unknown
G078,208790450001,R08C01,Plate_01,H06,Unknown
G079,208790450003,R01C01,Plate_01,A07,Unknown
G081,208790450003,R02C01,Plate_01,B07,Unknown
G082,208790450003,R03C01,Plate_01,C07,Unknown
G086,208790450003,R04C01,Plate_01,D07,Unknown
G091,208790450003,R05C01,Plate_01,E07,Unknown
G092,208790450003,R06C01,Plate_01,F07,Unknown
G093,208790450003,R07C01,Plate_01,G07,Unknown
G095,208790450003,R08C01,Plate_01,H07,Unknown
G098,208789590142,R01C01,Plate_01,A08,Unknown
G102,208789590142,R02C01,Plate_01,B08,Unknown
G103,208789590142,R03C01,Plate_01,C08,Unknown
G105,208789590142,R04C01,Plate_01,D08,Unknown
G106,208789590142,R05C01,Plate_01,E08,Unknown
G107,208789590142,R06C01,Plate_01,F08,Unknown
G108,208789590142,R07C01,Plate_01,G08,Unknown
G112,208789590142,R08C01,Plate_01,H08,Unknown
G114,208788870116,R01C01,Plate_01,A09,Unknown
G115,208788870116,R02C01,Plate_01,B09,Unknown
G118,208788870116,R03C01,Plate_01,C09,Unknown
G119,208788870116,R04C01,Plate_01,D09,Unknown
G120,208788870116,R05C01,Plate_01,E09,Unknown
G121,208788870116,R06C01,Plate_01,F09,Unknown
G122,208788870116,R07C01,Plate_01,G09,Unknown
G123,208788870116,R08C01,Plate_01,H09,Unknown
G124,208788870081,R01C01,Plate_01,A10,Unknown
G126,208788870081,R02C01,Plate_01,B10,Unknown
G128,208788870081,R03C01,Plate_01,C10,Unknown
G130,208788870081,R04C01,Plate_01,D10,Unknown
G131,208788870081,R05C01,Plate_01,E10,Unknown
G132,208788870081,R06C01,Plate_01,F10,Unknown
G133,208788870081,R07C01,Plate_01,G10,Unknown
G134,208788870081,R08C01,Plate_01,H10,Unknown
G135,208788870100,R01C01,Plate_01,A11,Unknown
G136,208788870100,R02C01,Plate_01,B11,Unknown
G137,208788870100,R03C01,Plate_01,C11,Unknown
G138,208788870100,R04C01,Plate_01,D11,Unknown
G140,208788870100,R05C01,Plate_01,E11,Unknown
G141,208788870100,R06C01,Plate_01,F11,Unknown
G142,208788870100,R07C01,Plate_01,G11,Unknown
G144,208788870100,R08C01,Plate_01,H11,Unknown
G145,208788870128,R01C01,Plate_01,A12,Unknown
G148,208788870128,R02C01,Plate_01,B12,Unknown
G149,208788870128,R03C01,Plate_01,C12,Unknown
G150,208788870128,R04C01,Plate_01,D12,Unknown
G151,208788870128,R05C01,Plate_01,E12,Unknown
G152,208788870128,R06C01,Plate_01,F12,Unknown
G154,208788870128,R07C01,Plate_01,G12,Unknown
G155,208788870128,R08C01,Plate_01,H12,Unknown
P122,208788870160,R01C01,Plate_05,A01,Unknown
P123,208788870160,R02C01,Plate_05,B01,Unknown
P124,208788870160,R03C01,Plate_05,C01,Unknown
P126,208788870160,R04C01,Plate_05,D01,Unknown
P128,208788870160,R05C01,Plate_05,E01,Unknown
P129,208788870160,R06C01,Plate_05,F01,Unknown
P130,208788870160,R07C01,Plate_05,G01,Unknown
P131,208788870160,R08C01,Plate_05,H01,Unknown
P132,208788870082,R01C01,Plate_05,A02,Unknown
P134,208788870082,R02C01,Plate_05,B02,Unknown
P136,208788870082,R03C01,Plate_05,C02,Unknown
P137,208788870082,R04C01,Plate_05,D02,Unknown
P138,208788870082,R05C01,Plate_05,E02,Unknown
P140,208788870082,R06C01,Plate_05,F02,Unknown
P141,208788870082,R07C01,Plate_05,G02,Unknown
P143,208788870082,R08C01,Plate_05,H02,Unknown
P151,208788870161,R01C01,Plate_05,A03,Unknown
P153,208788870161,R02C01,Plate_05,B03,Unknown
P155,208788870161,R03C01,Plate_05,C03,Unknown
P157,208788870161,R04C01,Plate_05,D03,Unknown
P158,208788870161,R05C01,Plate_05,E03,Unknown
P162,208788870161,R06C01,Plate_05,F03,Unknown
P163,208788870161,R07C01,Plate_05,G03,Unknown
P166,208788870161,R08C01,Plate_05,H03,Unknown
P168,208788870154,R01C01,Plate_05,A04,Unknown
P170,208788870154,R02C01,Plate_05,B04,Unknown
P171,208788870154,R03C01,Plate_05,C04,Unknown
P172,208788870154,R04C01,Plate_05,D04,Unknown
P174,208788870154,R05C01,Plate_05,E04,Unknown
P176,208788870154,R06C01,Plate_05,F04,Unknown
P179,208788870154,R07C01,Plate_05,G04,Unknown
P180,208788870154,R08C01,Plate_05,H04,Unknown
P181,208788870164,R01C01,Plate_05,A05,Unknown
P182,208788870164,R02C01,Plate_05,B05,Unknown
P183,208788870164,R03C01,Plate_05,C05,Unknown
P184,208788870164,R04C01,Plate_05,D05,Unknown
P186,208788870164,R05C01,Plate_05,E05,Unknown
P187,208788870164,R06C01,Plate_05,F05,Unknown
P188,208788870164,R07C01,Plate_05,G05,Unknown
P190,208788870164,R08C01,Plate_05,H05,Unknown
P193,208788870152,R01C01,Plate_05,A06,Unknown
P194,208788870152,R02C01,Plate_05,B06,Unknown
P195,208788870152,R03C01,Plate_05,C06,Unknown
P197,208788870152,R04C01,Plate_05,D06,Unknown
P198,208788870152,R05C01,Plate_05,E06,Unknown
P201,208788870152,R06C01,Plate_05,F06,Unknown
P207,208788870152,R07C01,Plate_05,G06,Unknown
P208,208788870152,R08C01,Plate_05,H06,Unknown
P210,208788870156,R01C01,Plate_05,A07,Unknown
P212,208788870156,R02C01,Plate_05,B07,Unknown
P213,208788870156,R03C01,Plate_05,C07,Unknown
P215,208788870156,R04C01,Plate_05,D07,Unknown
P222,208788870156,R05C01,Plate_05,E07,Unknown
P223,208788870156,R06C01,Plate_05,F07,Unknown
P225,208788870156,R07C01,Plate_05,G07,Unknown
P226,208788870156,R08C01,Plate_05,H07,Unknown
P228,208788870132,R01C01,Plate_05,A08,Unknown
P230,208788870132,R02C01,Plate_05,B08,Unknown
P231,208788870132,R03C01,Plate_05,C08,Unknown
P232,208788870132,R04C01,Plate_05,D08,Unknown
P233,208788870132,R05C01,Plate_05,E08,Unknown
P236,208788870132,R06C01,Plate_05,F08,Unknown
P239,208788870132,R07C01,Plate_05,G08,Unknown
P240,208788870132,R08C01,Plate_05,H08,Unknown
P241,208789830106,R01C01,Plate_05,A09,Unknown
P243,208789830106,R02C01,Plate_05,B09,Unknown
P247,208789830106,R03C01,Plate_05,C09,Unknown
P249,208789830106,R04C01,Plate_05,D09,Unknown
P250,208789830106,R05C01,Plate_05,E09,Unknown
P251,208789830106,R06C01,Plate_05,F09,Unknown
P254,208789830106,R07C01,Plate_05,G09,Unknown
P255,208789830106,R08C01,Plate_05,H09,Unknown
P259,208789830149,R01C01,Plate_05,A10,Unknown
P260,208789830149,R02C01,Plate_05,B10,Unknown
P263,208789830149,R03C01,Plate_05,C10,Unknown
P209,208789830149,R04C01,Plate_05,D10,Unknown
P268,208789830149,R05C01,Plate_05,E10,Unknown
P270,208789830149,R06C01,Plate_05,F10,Unknown
P271,208789830149,R07C01,Plate_05,G10,Unknown
P272,208789830149,R08C01,Plate_05,H10,Unknown
P185,208789830137,R01C01,Plate_05,A11,Unknown
P275,208789830137,R02C01,Plate_05,B11,Unknown
P276,208789830137,R03C01,Plate_05,C11,Unknown
P277,208789830137,R04C01,Plate_05,D11,Unknown
P278,208789830137,R05C01,Plate_05,E11,Unknown
P280,208789830137,R06C01,Plate_05,F11,Unknown
P283,208789830137,R07C01,Plate_05,G11,Unknown
P287,208789830137,R08C01,Plate_05,H11,Unknown
P289,208790220086,R01C01,Plate_05,A12,Unknown
P293,208790220086,R02C01,Plate_05,B12,Unknown
P297,208790220086,R03C01,Plate_05,C12,Unknown
P298,208790220086,R04C01,Plate_05,D12,Unknown
P299,208790220086,R05C01,Plate_05,E12,Unknown
P304,208790220086,R06C01,Plate_05,F12,Unknown
P308,208790220086,R07C01,Plate_05,G12,Unknown
P311,208790220086,R08C01,Plate_05,H12,Unknown
P312,208790020151,R01C01,Plate_06,A01,Unknown
P314,208790020151,R02C01,Plate_06,B01,Unknown
P315,208790020151,R03C01,Plate_06,C01,Unknown
P316,208790020151,R04C01,Plate_06,D01,Unknown
P318,208790020151,R05C01,Plate_06,E01,Unknown
P319,208790020151,R06C01,Plate_06,F01,Unknown
P320,208790020151,R07C01,Plate_06,G01,Unknown
P322,208790020151,R08C01,Plate_06,H01,Unknown
P325,208790020152,R01C01,Plate_06,A02,Unknown
P326,208790020152,R02C01,Plate_06,B02,Unknown
P329,208790020152,R03C01,Plate_06,C02,Unknown
P331,208790020152,R04C01,Plate_06,D02,Unknown
P332,208790020152,R05C01,Plate_06,E02,Unknown
P334,208790020152,R06C01,Plate_06,F02,Unknown
P336,208790020152,R07C01,Plate_06,G02,Unknown
P337,208790020152,R08C01,Plate_06,H02,Unknown
P338,208790020114,R01C01,Plate_06,A03,Unknown
P335,208790020114,R02C01,Plate_06,B03,Unknown
P342,208790020114,R03C01,Plate_06,C03,Unknown
P344,208790020114,R04C01,Plate_06,D03,Unknown
P347,208790020114,R05C01,Plate_06,E03,Unknown
P345,208790020114,R06C01,Plate_06,F03,Unknown
P348,208790020114,R07C01,Plate_06,G03,Unknown
P349,208790020114,R08C01,Plate_06,H03,Unknown
P350,208790020153,R01C01,Plate_06,A04,Unknown
P351,208790020153,R02C01,Plate_06,B04,Unknown
P354,208790020153,R03C01,Plate_06,C04,Unknown
P356,208790020153,R04C01,Plate_06,D04,Unknown
P357,208790020153,R05C01,Plate_06,E04,Unknown
P358,208790020153,R06C01,Plate_06,F04,Unknown
P360,208790020153,R07C01,Plate_06,G04,Unknown
P362,208790020153,R08C01,Plate_06,H04,Unknown
P364,208790020156,R01C01,Plate_06,A05,Unknown
P365,208790020156,R02C01,Plate_06,B05,Unknown
P366,208790020156,R03C01,Plate_06,C05,Unknown
P369,208790020156,R04C01,Plate_06,D05,Unknown
P370,208790020156,R05C01,Plate_06,E05,Unknown
P373,208790020156,R06C01,Plate_06,F05,Unknown
P376,208790020156,R07C01,Plate_06,G05,Unknown
P377,208790020156,R08C01,Plate_06,H05,Unknown
P379,208790020154,R01C01,Plate_06,A06,Unknown
P383,208790020154,R02C01,Plate_06,B06,Unknown
P385,208790020154,R03C01,Plate_06,C06,Unknown
P386,208790020154,R04C01,Plate_06,D06,Unknown
P387,208790020154,R05C01,Plate_06,E06,Unknown
P388,208790020154,R06C01,Plate_06,F06,Unknown
P389,208790020154,R07C01,Plate_06,G06,Unknown
P390,208790020154,R08C01,Plate_06,H06,Unknown
G159,208788870097,R01C01,Plate_02,A01,Unknown
G160,208788870097,R02C01,Plate_02,B01,Unknown
G162,208788870097,R03C01,Plate_02,C01,Unknown
G163,208788870097,R04C01,Plate_02,D01,Unknown
G164,208788870097,R05C01,Plate_02,E01,Unknown
G165,208788870097,R06C01,Plate_02,F01,Unknown
G167,208788870097,R07C01,Plate_02,G01,Unknown
G172,208788870097,R08C01,Plate_02,H01,Unknown
G174,208788870126,R01C01,Plate_02,A02,Unknown
G176,208788870126,R02C01,Plate_02,B02,Unknown
G178,208788870126,R03C01,Plate_02,C02,Unknown
G179,208788870126,R04C01,Plate_02,D02,Unknown
G181,208788870126,R05C01,Plate_02,E02,Unknown
G182,208788870126,R06C01,Plate_02,F02,Unknown
G183,208788870126,R07C01,Plate_02,G02,Unknown
G185,208788870126,R08C01,Plate_02,H02,Unknown
G186,208788870150,R01C01,Plate_02,A03,Unknown
G187,208788870150,R02C01,Plate_02,B03,Unknown
G188,208788870150,R03C01,Plate_02,C03,Unknown
G190,208788870150,R04C01,Plate_02,D03,Unknown
G196,208788870150,R05C01,Plate_02,E03,Unknown
G197,208788870150,R06C01,Plate_02,F03,Unknown
G198,208788870150,R07C01,Plate_02,G03,Unknown
G203,208788870150,R08C01,Plate_02,H03,Unknown
G204,208788870125,R01C01,Plate_02,A04,Unknown
G206,208788870125,R02C01,Plate_02,B04,Unknown
G207,208788870125,R03C01,Plate_02,C04,Unknown
G208,208788870125,R04C01,Plate_02,D04,Unknown
G209,208788870125,R05C01,Plate_02,E04,Unknown
G212,208788870125,R06C01,Plate_02,F04,Unknown
G215,208788870125,R07C01,Plate_02,G04,Unknown
G216,208788870125,R08C01,Plate_02,H04,Unknown
G217,208789830024,R01C01,Plate_02,A05,Unknown
G219,208789830024,R02C01,Plate_02,B05,Unknown
G221,208789830024,R03C01,Plate_02,C05,Unknown
G223,208789830024,R04C01,Plate_02,D05,Unknown
G224,208789830024,R05C01,Plate_02,E05,Unknown
G226,208789830024,R06C01,Plate_02,F05,Unknown
G227,208789830024,R07C01,Plate_02,G05,Unknown
G228,208789830024,R08C01,Plate_02,H05,Unknown
G231,208789830028,R01C01,Plate_02,A06,Unknown
G232,208789830028,R02C01,Plate_02,B06,Unknown
G233,208789830028,R03C01,Plate_02,C06,Unknown
G234,208789830028,R04C01,Plate_02,D06,Unknown
G236,208789830028,R05C01,Plate_02,E06,Unknown
G238,208789830028,R06C01,Plate_02,F06,Unknown
G241,208789830028,R07C01,Plate_02,G07,Unknown
G242,208789830028,R08C01,Plate_02,H06,Unknown
G244,208789830063,R01C01,Plate_02,A07,Unknown
G245,208789830063,R02C01,Plate_02,B07,Unknown
G247,208789830063,R03C01,Plate_02,C07,Unknown
G249,208789830063,R04C01,Plate_02,D07,Unknown
G250,208789830063,R05C01,Plate_02,E07,Unknown
G251,208789830063,R06C01,Plate_02,F07,Unknown
G252,208789830063,R07C01,Plate_02,G07,Unknown
G253,208789830063,R08C01,Plate_02,H07,Unknown
G254,208789830029,R01C01,Plate_02,A08,Unknown
G257,208789830029,R02C01,Plate_02,B08,Unknown
G258,208789830029,R03C01,Plate_02,C08,Unknown
G259,208789830029,R04C01,Plate_02,D08,Unknown
G262,208789830029,R05C01,Plate_02,E08,Unknown
G263,208789830029,R06C01,Plate_02,F08,Unknown
G265,208789830029,R07C01,Plate_02,G08,Unknown
G267,208789830029,R08C01,Plate_02,H08,Unknown
G274,208789830033,R01C01,Plate_02,A09,Unknown
G275,208789830033,R02C01,Plate_02,B09,Unknown
G276,208789830033,R03C01,Plate_02,C09,Unknown
G277,208789830033,R04C01,Plate_02,D09,Unknown
G278,208789830033,R05C01,Plate_02,E09,Unknown
G279,208789830033,R06C01,Plate_02,F09,Unknown
G280,208789830033,R07C01,Plate_02,G09,Unknown
G281,208789830033,R08C01,Plate_02,H09,Unknown
G282,208789830052,R01C01,Plate_02,A10,Unknown
G284,208789830052,R02C01,Plate_02,B10,Unknown
G285,208789830052,R03C01,Plate_02,C10,Unknown
G286,208789830052,R04C01,Plate_02,D10,Unknown
G287,208789830052,R05C01,Plate_02,E10,Unknown
G288,208789830052,R06C01,Plate_02,F10,Unknown
G289,208789830052,R07C01,Plate_02,G10,Unknown
G290,208789830052,R08C01,Plate_02,H10,Unknown
G291,208789830097,R01C01,Plate_02,A11,Unknown
G293,208789830097,R02C01,Plate_02,B11,Unknown
G297,208789830097,R03C01,Plate_02,C11,Unknown
G298,208789830097,R04C01,Plate_02,D11,Unknown
G299,208789830097,R05C01,Plate_02,E11,Unknown
G300,208789830097,R06C01,Plate_02,F11,Unknown
G301,208789830097,R07C01,Plate_02,G11,Unknown
G302,208789830097,R08C01,Plate_02,H11,Unknown
G303,208789830073,R01C01,Plate_02,A12,Unknown
G304,208789830073,R02C01,Plate_02,B12,Unknown
G306,208789830073,R03C01,Plate_02,C12,Unknown
G307,208789830073,R04C01,Plate_02,D12,Unknown
G310,208789830073,R05C01,Plate_02,E12,Unknown
G311,208789830073,R06C01,Plate_02,F12,Unknown
G313,208789830073,R07C01,Plate_02,G12,Unknown
G318,208789830073,R08C01,Plate_02,H12,Unknown
G321,208788870007,R01C01,Plate_03,A01,Unknown
G324,208788870007,R02C01,Plate_03,B01,Unknown
G325,208788870007,R03C01,Plate_03,C01,Unknown
G326,208788870007,R04C01,Plate_03,D01,Unknown
G327,208788870007,R05C01,Plate_03,E01,Unknown
G328,208788870007,R06C01,Plate_03,F01,Unknown
G330,208788870007,R07C01,Plate_03,G01,Unknown
G331,208788870007,R08C01,Plate_03,H01,Unknown
G332,208788870005,R01C01,Plate_03,A02,Unknown
G333,208788870005,R02C01,Plate_03,B02,Unknown
G334,208788870005,R03C01,Plate_03,C02,Unknown
G340,208788870005,R04C01,Plate_03,D02,Unknown
G341,208788870005,R05C01,Plate_03,E02,Unknown
G342,208788870005,R06C01,Plate_03,F02,Unknown
G343,208788870005,R07C01,Plate_03,G02,Unknown
G345,208788870005,R08C01,Plate_03,H02,Unknown
G347,208788870162,R01C01,Plate_03,A03,Unknown
G348,208788870162,R02C01,Plate_03,B03,Unknown
G349,208788870162,R03C01,Plate_03,C03,Unknown
G350,208788870162,R04C01,Plate_03,D03,Unknown
G351,208788870162,R05C01,Plate_03,E03,Unknown
G352,208788870162,R06C01,Plate_03,F03,Unknown
G353,208788870162,R07C01,Plate_03,G03,Unknown
G354,208788870162,R08C01,Plate_03,H03,Unknown
G357,208788870030,R01C01,Plate_03,A04,Unknown
G358,208788870030,R02C01,Plate_03,B04,Unknown
G359,208788870030,R03C01,Plate_03,C04,Unknown
G360,208788870030,R04C01,Plate_03,D04,Unknown
G364,208788870030,R05C01,Plate_03,E04,Unknown
G365,208788870030,R06C01,Plate_03,F04,Unknown
G366,208788870030,R07C01,Plate_03,G04,Unknown
G369,208788870030,R08C01,Plate_03,H04,Unknown
G372,208789590165,R01C01,Plate_03,A05,Unknown
G373,208789590165,R02C01,Plate_03,B05,Unknown
G374,208789590165,R03C01,Plate_03,C05,Unknown
G376,208789590165,R04C01,Plate_03,D05,Unknown
G378,208789590165,R05C01,Plate_03,E05,Unknown
G380,208789590165,R06C01,Plate_03,F05,Unknown
G381,208789590165,R07C01,Plate_03,G05,Unknown
G383,208789590165,R08C01,Plate_03,H05,Unknown
G384,208789590147,R01C01,Plate_03,A06,Unknown
G387,208789590147,R02C01,Plate_03,B06,Unknown
G388,208789590147,R03C01,Plate_03,C06,Unknown
G389,208789590147,R04C01,Plate_03,D06,Unknown
G390,208789590147,R05C01,Plate_03,E06,Unknown
G391,208789590147,R06C01,Plate_03,F06,Unknown
G393,208789590147,R07C01,Plate_03,G07,Unknown
G395,208789590147,R08C01,Plate_03,H06,Unknown
G397,208789590092,R01C01,Plate_03,A07,Unknown
G398,208789590092,R02C01,Plate_03,B07,Unknown
G399,208789590092,R03C01,Plate_03,C07,Unknown
G401,208789590092,R04C01,Plate_03,D07,Unknown
G402,208789590092,R05C01,Plate_03,E07,Unknown
G403,208789590092,R06C01,Plate_03,F07,Unknown
G406,208789590092,R07C01,Plate_03,G07,Unknown
G407,208789590092,R08C01,Plate_03,H07,Unknown
G412,208789590045,R01C01,Plate_03,A08,Unknown
G413,208789590045,R02C01,Plate_03,B08,Unknown
G414,208789590045,R03C01,Plate_03,C08,Unknown
G415,208789590045,R04C01,Plate_03,D08,Unknown
G416,208789590045,R05C01,Plate_03,E08,Unknown
G418,208789590045,R06C01,Plate_03,F08,Unknown
G419,208789590045,R07C01,Plate_03,G08,Unknown
G420,208789590045,R08C01,Plate_03,H08,Unknown
G421,208788870013,R01C01,Plate_03,A09,Unknown
G422,208788870013,R02C01,Plate_03,B09,Unknown
G425,208788870013,R03C01,Plate_03,C09,Unknown
G426,208788870013,R04C01,Plate_03,D09,Unknown
G428,208788870013,R05C01,Plate_03,E09,Unknown
G429,208788870013,R06C01,Plate_03,F09,Unknown
G430,208788870013,R07C01,Plate_03,G09,Unknown
G431,208788870013,R08C01,Plate_03,H09,Unknown
G432,208788870046,R01C01,Plate_03,A10,Unknown
G433,208788870046,R02C01,Plate_03,B10,Unknown
G436,208788870046,R03C01,Plate_03,C10,Unknown
G437,208788870046,R04C01,Plate_03,D10,Unknown
G442,208788870046,R05C01,Plate_03,E10,Unknown
G443,208788870046,R06C01,Plate_03,F10,Unknown
G444,208788870046,R07C01,Plate_03,G10,Unknown
G446,208788870046,R08C01,Plate_03,H10,Unknown
G449,208788870004,R01C01,Plate_03,A11,Unknown
G453,208788870004,R02C01,Plate_03,B11,Unknown
G454,208788870004,R03C01,Plate_03,C11,Unknown
G455,208788870004,R04C01,Plate_03,D11,Unknown
G456,208788870004,R05C01,Plate_03,E11,Unknown
G457,208788870004,R06C01,Plate_03,F11,Unknown
G461,208788870004,R07C01,Plate_03,G11,Unknown
G466,208788870004,R08C01,Plate_03,H11,Unknown
G469,208788870014,R01C01,Plate_03,A12,Unknown
G473,208788870014,R02C01,Plate_03,B12,Unknown
G478,208788870014,R03C01,Plate_03,C12,Unknown
G481,208788870014,R04C01,Plate_03,D12,Unknown
G482,208788870014,R05C01,Plate_03,E12,Unknown
G487,208788870014,R06C01,Plate_03,F12,Unknown
G490,208788870014,R07C01,Plate_03,G12,Unknown
G492,208788870014,R08C01,Plate_03,H12,Unknown
G496,208789830082,R01C01,Plate_04,A01,Unknown
G497,208789830082,R02C01,Plate_04,B01,Unknown
G499,208789830082,R03C01,Plate_04,C01,Unknown
G500,208789830082,R04C01,Plate_04,D01,Unknown
G501,208789830082,R05C01,Plate_04,E01,Unknown
G503,208789830082,R06C01,Plate_04,F01,Unknown
G504,208789830082,R07C01,Plate_04,G01,Unknown
G506,208789830082,R08C01,Plate_04,H01,Unknown
G508,208789830083,R01C01,Plate_04,A02,Unknown
G510,208789830083,R02C01,Plate_04,B02,Unknown
G511,208789830083,R03C01,Plate_04,C02,Unknown
G512,208789830083,R04C01,Plate_04,D02,Unknown
G513,208789830083,R05C01,Plate_04,E02,Unknown
G515,208789830083,R06C01,Plate_04,F02,Unknown
G519,208789830083,R07C01,Plate_04,G02,Unknown
G523,208789830083,R08C01,Plate_04,H02,Unknown
G526,208789830071,R01C01,Plate_04,A03,Unknown
G527,208789830071,R02C01,Plate_04,B03,Unknown
G529,208789830071,R03C01,Plate_04,C03,Unknown
G530,208789830071,R04C01,Plate_04,D03,Unknown
G532,208789830071,R05C01,Plate_04,E03,Unknown
G534,208789830071,R06C01,Plate_04,F03,Unknown
G535,208789830071,R07C01,Plate_04,G03,Unknown
G536,208789830071,R08C01,Plate_04,H03,Unknown
P001,208789830031,R01C01,Plate_04,A04,Unknown
P004,208789830031,R02C01,Plate_04,B04,Unknown
P008,208789830031,R03C01,Plate_04,C04,Unknown
P010,208789830031,R04C01,Plate_04,D04,Unknown
P011,208789830031,R05C01,Plate_04,E04,Unknown
P012,208789830031,R06C01,Plate_04,F04,Unknown
P015,208789830031,R07C01,Plate_04,G04,Unknown
P016,208789830031,R08C01,Plate_04,H04,Unknown
P017,208789590093,R01C01,Plate_04,A05,Unknown
P018,208789590093,R02C01,Plate_04,B05,Unknown
P019,208789590093,R03C01,Plate_04,C05,Unknown
P023,208789590093,R04C01,Plate_04,D05,Unknown
P024,208789590093,R05C01,Plate_04,E05,Unknown
P031,208789590093,R06C01,Plate_04,F05,Unknown
P033,208789590093,R07C01,Plate_04,G05,Unknown
P035,208789590093,R08C01,Plate_04,H05,Unknown
P039,208788870008,R01C01,Plate_04,A06,Unknown
P040,208788870008,R02C01,Plate_04,B06,Unknown
P041,208788870008,R03C01,Plate_04,C06,Unknown
P042,208788870008,R04C01,Plate_04,D06,Unknown
P043,208788870008,R05C01,Plate_04,E06,Unknown
P044,208788870008,R06C01,Plate_04,F06,Unknown
P045,208788870008,R07C01,Plate_04,G07,Unknown
P046,208788870008,R08C01,Plate_04,H06,Unknown
P047,208788870040,R01C01,Plate_04,A07,Unknown
P048,208788870040,R02C01,Plate_04,B07,Unknown
P051,208788870040,R03C01,Plate_04,C07,Unknown
P052,208788870040,R04C01,Plate_04,D07,Unknown
P053,208788870040,R05C01,Plate_04,E07,Unknown
P055,208788870040,R06C01,Plate_04,F07,Unknown
P057,208788870040,R07C01,Plate_04,G07,Unknown
P058,208788870040,R08C01,Plate_04,H07,Unknown
P061,208788870041,R01C01,Plate_04,A08,Unknown
P062,208788870041,R02C01,Plate_04,B08,Unknown
P063,208788870041,R03C01,Plate_04,C08,Unknown
P064,208788870041,R04C01,Plate_04,D08,Unknown
P065,208788870041,R05C01,Plate_04,E08,Unknown
P066,208788870041,R06C01,Plate_04,F08,Unknown
P067,208788870041,R07C01,Plate_04,G08,Unknown
P068,208788870041,R08C01,Plate_04,H08,Unknown
P070,208788870065,R01C01,Plate_04,A09,Unknown
P071,208788870065,R02C01,Plate_04,B09,Unknown
P072,208788870065,R03C01,Plate_04,C09,Unknown
P076,208788870065,R04C01,Plate_04,D09,Unknown
P078,208788870065,R05C01,Plate_04,E09,Unknown
P079,208788870065,R06C01,Plate_04,F09,Unknown
P081,208788870065,R07C01,Plate_04,G09,Unknown
P082,208788870065,R08C01,Plate_04,H09,Unknown
P083,208788870047,R01C01,Plate_04,A10,Unknown
P086,208788870047,R02C01,Plate_04,B10,Unknown
P088,208788870047,R03C01,Plate_04,C10,Unknown
P090,208788870047,R04C01,Plate_04,D10,Unknown
P091,208788870047,R05C01,Plate_04,E10,Unknown
P092,208788870047,R06C01,Plate_04,F10,Unknown
P094,208788870047,R07C01,Plate_04,G10,Unknown
P097,208788870047,R08C01,Plate_04,H10,Unknown
P098,208788870012,R01C01,Plate_04,A11,Unknown
P099,208788870012,R02C01,Plate_04,B11,Unknown
P100,208788870012,R03C01,Plate_04,C11,Unknown
P104,208788870012,R04C01,Plate_04,D11,Unknown
P105,208788870012,R05C01,Plate_04,E11,Unknown
P106,208788870012,R06C01,Plate_04,F11,Unknown
P107,208788870012,R07C01,Plate_04,G11,Unknown
P108,208788870012,R08C01,Plate_04,H11,Unknown
P109,208789640004,R01C01,Plate_04,A12,Unknown
P111,208789640004,R02C01,Plate_04,B12,Unknown
P114,208789640004,R03C01,Plate_04,C12,Unknown
P116,208789640004,R04C01,Plate_04,D12,Unknown
P117,208789640004,R05C01,Plate_04,E12,Unknown
P118,208789640004,R06C01,Plate_04,F12,Unknown
P120,208789640004,R07C01,Plate_04,G12,Unknown
P121,208789640004,R08C01,Plate_04,H12,Unknown
